date,Sentiment_Score,Pos_Score,Neg_Score,Neu_Score,Headline_Count,Date,Event_Name,Impact_Level,Actual,Forecast,Previous
2025-04-08,-0.007302624309392266,0.0938232044198895,0.09448756906077349,0.8116616022099447,357,0,0,0.0,0,0,0
2025-04-09,-0.016395212038303665,0.09017099863201093,0.094124487004104,0.815704514363885,363,2025-04-09 04:30:00,Interest Rate Decision,2.0,6.00%,6.00%,6.25%
2025-04-09,-0.016395212038303665,0.09017099863201093,0.094124487004104,0.815704514363885,363,2025-04-09 04:30:00,RBI MPC Meeting Minutes,2.0,,,
2025-04-10,-0.004109807355516624,0.09959544658493864,0.09836602451838876,0.8020455341506132,282,0,0,0.0,0,0,0
2025-04-11,0.03581052631578947,0.10253684210526315,0.09564210526315789,0.8018210526315788,140,2025-04-11 10:30:00,Cumulative Industrial Production  (Feb),1.0,4.10%,,4.20%
2025-04-11,0.03581052631578947,0.10253684210526315,0.09564210526315789,0.8018210526315788,140,2025-04-11 10:30:00,Industrial Production (YoY)  (Feb),1.0,2.9%,4.0%,5.2%
2025-04-11,0.03581052631578947,0.10253684210526315,0.09564210526315789,0.8018210526315788,140,2025-04-11 11:30:00,Bank Loan Growth,1.0,11.0%,,11.1%
2025-04-12,0.0,0.0,0.0,0.0,0,0,0,0.0,0,0,0
2025-04-13,0.0,0.0,0.0,0.0,0,0,0,0.0,0,0,0
2025-04-14,0.0,0.0,0.0,0.0,0,0,0,0.0,0,0,0
2025-04-15,0.0,0.0,0.0,0.0,0,2025-04-15 06:30:00,WPI Food (YoY)  (Mar),1.0,1.57%,,3.38%
2025-04-15,0.0,0.0,0.0,0.0,0,2025-04-15 06:30:00,WPI Fuel (YoY)  (Mar),1.0,0.20%,,-0.71%
2025-04-15,0.0,0.0,0.0,0.0,0,2025-04-15 06:30:00,WPI Inflation (YoY)  (Mar),2.0,2.05%,2.50%,2.38%
2025-04-15,0.0,0.0,0.0,0.0,0,2025-04-15 06:30:00,WPI Manufacturing Inflation (YoY)  (Mar),1.0,3.07%,,2.86%
2025-04-15,0.0,0.0,0.0,0.0,0,2025-04-15 09:00:00,Exports (USD)  (Mar),1.0,41.97B,,36.91B
2025-04-15,0.0,0.0,0.0,0.0,0,2025-04-15 09:00:00,Imports (USD)  (Mar),1.0,63.51B,,50.96B
2025-04-15,0.0,0.0,0.0,0.0,0,2025-04-15 09:00:00,Trade Balance  (Mar),1.0,-21.54B,,-14.05B
2025-04-15,0.0,0.0,0.0,0.0,0,2025-04-15 10:30:00,CPI (YoY)  (Mar),2.0,3.34%,3.60%,3.61%
2025-04-16,0.0,0.0,0.0,0.0,0,0,0,0.0,0,0,0
2025-04-17,0.0,0.0,0.0,0.0,0,0,0,0.0,0,0,0
2025-04-18,0.0,0.0,0.0,0.0,0,2025-04-18 11:30:00,Bank Loan Growth,1.0,11.0%,,11.0%
2025-04-19,0.0,0.0,0.0,0.0,0,0,0,0.0,0,0,0
2025-04-20,0.0,0.0,0.0,0.0,0,0,0,0.0,0,0,0
2025-04-21,0.0,0.0,0.0,0.0,0,0,0,0.0,0,0,0
2025-04-22,0.0,0.0,0.0,0.0,0,0,0,0.0,0,0,0
2025-04-23,0.0,0.0,0.0,0.0,0,2025-04-23 11:30:00,RBI MPC Meeting Minutes,2.0,,,
2025-04-24,0.0,0.0,0.0,0.0,0,0,0,0.0,0,0,0
2025-04-25,0.0,0.0,0.0,0.0,0,0,0,0.0,0,0,0
2025-04-26,0.0,0.0,0.0,0.0,0,0,0,0.0,0,0,0
2025-04-27,0.0,0.0,0.0,0.0,0,0,0,0.0,0,0,0
2025-04-28,0.0,0.0,0.0,0.0,0,2025-04-28 10:30:00,Industrial Production (YoY)  (Mar),1.0,3.0%,3.3%,2.7%
2025-04-29,0.0,0.0,0.0,0.0,0,0,0,0.0,0,0,0
2025-04-30,0.0,0.0,0.0,0.0,0,0,0,0.0,0,0,0
2025-05-01,0.02334990215264189,0.10448923679060663,0.09024657534246575,0.8052759295499021,253,0,0,0.0,0,0,0
2025-05-02,0.0874494736842105,0.11641203007518801,0.07057894736842102,0.8130000000000003,330,2025-05-02 11:30:00,Bank Loan Growth,1.0,10.3%,,11.0%
2025-05-03,0.058699681528662444,0.10758917197452225,0.07891719745222928,0.8135031847133757,153,0,0,0.0,0,0,0
2025-05-04,0.08575565610859726,0.11588235294117644,0.08232126696832578,0.80179185520362,108,0,0,0.0,0,0,0
2025-05-05,0.07354929797191889,0.112009360374415,0.07379563182527299,0.8141981279251171,319,0,0,0.0,0,0,0
2025-05-06,0.02925806451612904,0.1091306451612904,0.08930967741935483,0.8015596774193549,308,0,0,0.0,0,0,0
2025-05-07,0.002673127035830616,0.10012377850162868,0.09662377850162862,0.8032719869706844,305,0,0,0.0,0,0,0
2025-05-08,-0.005320161290322583,0.09384032258064517,0.09460483870967737,0.811566129032258,308,0,0,0.0,0,0,0
2025-05-09,0.005637226277372264,0.11032846715328472,0.10028284671532849,0.7894069343065692,273,2025-05-09 11:30:00,Bank Loan Growth,1.0,10.3%,,11.0%
2025-05-10,-0.015941605839416055,0.10972992700729925,0.11225547445255471,0.7779999999999999,136,0,0,0.0,0,0,0
2025-05-11,0.043754430379746814,0.11693248945147679,0.09440928270042193,0.7886962025316455,118,0,0,0.0,0,0,0
2025-05-12,0.08886783439490449,0.11595541401273887,0.07042515923566882,0.8136289808917193,311,0,0,0.0,0,0,0
2025-05-13,0.0589364951768489,0.10707234726688102,0.07857877813504825,0.8143424437299038,308,2025-05-13 10:30:00,CPI (YoY)  (Apr),2.0,3.16%,3.27%,3.34%
2025-05-14,0.0,0.0,0.0,0.0,0,2025-05-14 06:30:00,WPI Food (YoY)  (Apr),1.0,-0.86%,,1.57%
2025-05-14,0.0,0.0,0.0,0.0,0,2025-05-14 06:30:00,WPI Fuel (YoY)  (Apr),1.0,-2.18%,,0.20%
2025-05-14,0.0,0.0,0.0,0.0,0,2025-05-14 06:30:00,WPI Inflation (YoY)  (Apr),2.0,0.85%,1.76%,2.05%
2025-05-14,0.0,0.0,0.0,0.0,0,2025-05-14 06:30:00,WPI Manufacturing Inflation (YoY)  (Apr),1.0,2.62%,,3.07%
2025-05-15,0.0,0.0,0.0,0.0,0,2025-05-15 11:00:00,Exports (USD)  (Apr),1.0,38.49B,,41.97B
2025-05-15,0.0,0.0,0.0,0.0,0,2025-05-15 11:00:00,Imports (USD)  (Apr),1.0,64.91B,,63.51B
2025-05-15,0.0,0.0,0.0,0.0,0,2025-05-15 11:00:00,Trade Balance  (Apr),1.0,-26.42B,,-21.54B
2025-05-16,0.0,0.0,0.0,0.0,0,0,0,0.0,0,0,0
2025-05-17,0.0,0.0,0.0,0.0,0,0,0,0.0,0,0,0
2025-05-18,0.0,0.0,0.0,0.0,0,0,0,0.0,0,0,0
2025-05-19,0.0,0.0,0.0,0.0,0,0,0,0.0,0,0,0
2025-05-20,0.0,0.0,0.0,0.0,0,0,0,0.0,0,0,0
2025-05-21,0.0,0.0,0.0,0.0,0,0,0,0.0,0,0,0
2025-05-22,0.0,0.0,0.0,0.0,0,0,0,0.0,0,0,0
2025-05-23,0.0,0.0,0.0,0.0,0,2025-05-23 11:30:00,Bank Loan Growth,1.0,9.9%,,10.3%
2025-05-24,0.0,0.0,0.0,0.0,0,0,0,0.0,0,0,0
2025-05-25,0.0,0.0,0.0,0.0,0,0,0,0.0,0,0,0
2025-05-26,0.0,0.0,0.0,0.0,0,0,0,0.0,0,0,0
2025-05-27,0.0,0.0,0.0,0.0,0,0,0,0.0,0,0,0
2025-05-28,0.0,0.0,0.0,0.0,0,2025-05-28 10:30:00,Cumulative Industrial Production  (Mar),1.0,4.00%,,4.10%
2025-05-28,0.0,0.0,0.0,0.0,0,2025-05-28 10:30:00,Industrial Production (YoY)  (Apr),1.0,2.7%,1.0%,3.9%
2025-05-29,0.0,0.0,0.0,0.0,0,0,0,0.0,0,0,0
2025-05-30,0.0,0.0,0.0,0.0,0,2025-05-30 10:30:00,GDP Annual,1.0,6.5%,,8.2%
2025-05-30,0.0,0.0,0.0,0.0,0,2025-05-30 10:30:00,GDP Quarterly (YoY)  (Q4),2.0,7.4%,6.7%,6.4%
2025-05-30,0.0,0.0,0.0,0.0,0,2025-05-30 11:30:00,Bank Loan Growth,1.0,9.8%,,9.9%
2025-05-30,0.0,0.0,0.0,0.0,0,2025-05-30 12:00:00,Federal Fiscal Deficit  (Mar),1.0,"15,772.70B",,"13,468.52B"
2025-05-30,0.0,0.0,0.0,0.0,0,2025-05-30 12:01:00,Federal Fiscal Deficit  (Apr),1.0,"1,863.30B",,"15,772.70B"
2025-05-31,0.0,0.0,0.0,0.0,0,0,0,0.0,0,0,0
2025-06-01,-0.0126732824427481,0.09177862595419849,0.10406870229007636,0.8041679389312975,130,0,0,0.0,0,0,0
2025-06-02,0.03972617246596067,0.1067261724659607,0.07877155824508325,0.8145037821482605,329,0,0,0.0,0,0,0
2025-06-03,0.030163033175355444,0.11560979462875201,0.0941200631911533,0.7902906793048977,314,0,0,0.0,0,0,0
2025-06-04,0.018536513157894764,0.10821546052631577,0.09167763157894739,0.8000871710526314,303,0,0,0.0,0,0,0
2025-06-05,0.030611932773109227,0.10574285714285721,0.08187731092436974,0.8123848739495797,296,0,0,0.0,0,0,0
2025-06-06,0.0663370090634441,0.11493806646525687,0.08699697885196377,0.798055891238671,328,2025-06-06 04:30:00,Interest Rate Decision,2.0,5.50%,5.75%,6.00%
2025-06-07,0.05601048158640226,0.12407365439093487,0.09758073654390932,0.778368271954674,174,0,0,0.0,0,0,0
2025-06-08,-0.01270967741935484,0.09882661290322577,0.09752419354838711,0.803641129032258,122,0,0,0.0,0,0,0
2025-06-09,0.06877209705372614,0.11477989601386483,0.0758145580589255,0.8094211438474871,287,0,0,0.0,0,0,0
2025-06-10,0.03577255574614065,0.09848542024013722,0.07911663807890225,0.822401372212693,289,0,0,0.0,0,0,0
2025-06-11,0.05788598130841119,0.09936448598130843,0.06878037383177568,0.8318489096573207,320,0,0,0.0,0,0,0
2025-06-12,-0.07971814159292043,0.09134513274336284,0.12160619469026544,0.7870560471976407,335,2025-06-12 10:30:00,CPI (YoY)  (May),2.0,2.82%,3.00%,3.16%
2025-06-13,0.0,0.0,0.0,0.0,0,2025-06-13 11:30:00,Bank Loan Growth,1.0,9.0%,,9.8%
2025-06-14,0.0,0.0,0.0,0.0,0,0,0,0.0,0,0,0
2025-06-15,0.0,0.0,0.0,0.0,0,0,0,0.0,0,0,0
2025-06-16,0.0,0.0,0.0,0.0,0,2025-06-16 06:30:00,WPI Food (YoY)  (May),1.0,-1.56%,,-0.86%
2025-06-16,0.0,0.0,0.0,0.0,0,2025-06-16 06:30:00,WPI Fuel (YoY)  (May),1.0,-2.27%,,-2.18%
2025-06-16,0.0,0.0,0.0,0.0,0,2025-06-16 06:30:00,WPI Inflation (YoY)  (May),2.0,0.39%,0.80%,0.85%
2025-06-16,0.0,0.0,0.0,0.0,0,2025-06-16 06:30:00,WPI Manufacturing Inflation (YoY)  (May),1.0,2.04%,,2.62%
2025-06-16,0.0,0.0,0.0,0.0,0,2025-06-16 08:50:00,Exports (USD)  (May),1.0,38.73B,,38.49B
2025-06-16,0.0,0.0,0.0,0.0,0,2025-06-16 08:50:00,Imports (USD)  (May),1.0,60.61B,,64.91B
2025-06-16,0.0,0.0,0.0,0.0,0,2025-06-16 08:50:00,Trade Balance  (May),1.0,-21.88B,,-26.42B
2025-06-17,0.0,0.0,0.0,0.0,0,0,0,0.0,0,0,0
2025-06-18,0.0,0.0,0.0,0.0,0,0,0,0.0,0,0,0
2025-06-19,0.0,0.0,0.0,0.0,0,0,0,0.0,0,0,0
2025-06-20,0.0,0.0,0.0,0.0,0,2025-06-20 11:30:00,RBI MPC Meeting Minutes,2.0,,,
2025-06-21,0.0,0.0,0.0,0.0,0,0,0,0.0,0,0,0
2025-06-22,0.0,0.0,0.0,0.0,0,0,0,0.0,0,0,0
2025-06-23,0.0,0.0,0.0,0.0,0,0,0,0.0,0,0,0
2025-06-24,0.0,0.0,0.0,0.0,0,0,0,0.0,0,0,0
2025-06-25,0.0,0.0,0.0,0.0,0,0,0,0.0,0,0,0
2025-06-26,0.0,0.0,0.0,0.0,0,0,0,0.0,0,0,0
2025-06-27,0.0,0.0,0.0,0.0,0,2025-06-27 11:00:00,Current Account % of GDP (YoY),1.0,-0.60%,,-0.70%
2025-06-27,0.0,0.0,0.0,0.0,0,2025-06-27 11:30:00,Bank Loan Growth,1.0,9.6%,,9.0%
2025-06-27,0.0,0.0,0.0,0.0,0,2025-06-27 11:30:00,Current Account % of GDP (QoQ)  (Q1),1.0,1.30%,,-1.10%
2025-06-27,0.0,0.0,0.0,0.0,0,2025-06-27 11:30:00,Trade Balance (USD)  (Q1),1.0,-59.500B,,-79.200B
2025-06-28,0.0,0.0,0.0,0.0,0,0,0,0.0,0,0,0
2025-06-29,0.0,0.0,0.0,0.0,0,0,0,0.0,0,0,0
2025-06-30,0.0,0.0,0.0,0.0,0,2025-06-30 10:00:00,Federal Fiscal Deficit  (May),1.0,131.63B,,"1,863.32B"
2025-06-30,0.0,0.0,0.0,0.0,0,2025-06-30 10:30:00,Cumulative Industrial Production  (May),1.0,1.80%,,1.80%
2025-06-30,0.0,0.0,0.0,0.0,0,2025-06-30 10:30:00,Industrial Production (YoY)  (May),1.0,1.2%,2.4%,2.6%
2025-07-01,0.0,0.0,0.0,0.0,0,0,0,0.0,0,0,0
2025-07-02,0.0,0.0,0.0,0.0,0,0,0,0.0,0,0,0
2025-07-03,0.0,0.0,0.0,0.0,0,0,0,0.0,0,0,0
2025-07-04,0.0,0.0,0.0,0.0,0,0,0,0.0,0,0,0
2025-07-05,0.0,0.0,0.0,0.0,0,0,0,0.0,0,0,0
2025-07-06,0.0,0.0,0.0,0.0,0,0,0,0.0,0,0,0
2025-07-07,0.0,0.0,0.0,0.0,0,0,0,0.0,0,0,0
2025-07-08,0.0,0.0,0.0,0.0,0,0,0,0.0,0,0,0
2025-07-09,0.0,0.0,0.0,0.0,0,0,0,0.0,0,0,0
2025-07-10,0.0,0.0,0.0,0.0,0,0,0,0.0,0,0,0
2025-07-11,0.0,0.0,0.0,0.0,0,2025-07-11 11:30:00,Bank Loan Growth,1.0,9.5%,,9.6%
2025-07-12,0.0,0.0,0.0,0.0,0,0,0,0.0,0,0,0
2025-07-13,0.0,0.0,0.0,0.0,0,0,0,0.0,0,0,0
2025-07-14,0.0,0.0,0.0,0.0,0,2025-07-14 06:30:00,WPI Food (YoY)  (Jun),1.0,-3.75%,,-1.56%
2025-07-14,0.0,0.0,0.0,0.0,0,2025-07-14 06:30:00,WPI Fuel (YoY)  (Jun),1.0,-2.65%,,-2.27%
2025-07-14,0.0,0.0,0.0,0.0,0,2025-07-14 06:30:00,WPI Inflation (YoY)  (Jun),2.0,-0.13%,0.52%,0.39%
2025-07-14,0.0,0.0,0.0,0.0,0,2025-07-14 06:30:00,WPI Manufacturing Inflation (YoY)  (Jun),1.0,1.97%,,2.04%
2025-07-14,0.0,0.0,0.0,0.0,0,2025-07-14 10:30:00,CPI (YoY)  (Jun),2.0,2.10%,2.50%,2.82%
2025-07-15,0.0,0.0,0.0,0.0,0,2025-07-15 08:45:00,Exports (USD)  (Jun),1.0,35.14B,,38.73B
2025-07-15,0.0,0.0,0.0,0.0,0,2025-07-15 08:45:00,Imports (USD)  (Jun),1.0,53.92B,,60.61B
2025-07-15,0.0,0.0,0.0,0.0,0,2025-07-15 08:45:00,Trade Balance  (Jun),1.0,-18.78B,,-21.88B
2025-07-16,0.0,0.0,0.0,0.0,0,0,0,0.0,0,0,0
2025-07-17,0.0,0.0,0.0,0.0,0,0,0,0.0,0,0,0
2025-07-18,0.0,0.0,0.0,0.0,0,0,0,0.0,0,0,0
2025-07-19,0.0,0.0,0.0,0.0,0,0,0,0.0,0,0,0
2025-07-20,0.0,0.0,0.0,0.0,0,0,0,0.0,0,0,0
2025-07-21,0.0,0.0,0.0,0.0,0,0,0,0.0,0,0,0
2025-07-22,0.0,0.0,0.0,0.0,0,0,0,0.0,0,0,0
2025-07-23,0.0,0.0,0.0,0.0,0,0,0,0.0,0,0,0
2025-07-24,0.0,0.0,0.0,0.0,0,0,0,0.0,0,0,0
2025-07-25,0.0,0.0,0.0,0.0,0,0,0,0.0,0,0,0
2025-07-26,0.0,0.0,0.0,0.0,0,0,0,0.0,0,0,0
2025-07-27,0.0,0.0,0.0,0.0,0,0,0,0.0,0,0,0
2025-07-28,0.0,0.0,0.0,0.0,0,2025-07-28 10:30:00,Cumulative Industrial Production  (Jun),1.0,2.00%,,1.80%
2025-07-28,0.0,0.0,0.0,0.0,0,2025-07-28 10:30:00,Industrial Production (YoY)  (Jun),1.0,1.5%,2.0%,1.9%
2025-07-29,0.0,0.0,0.0,0.0,0,0,0,0.0,0,0,0
2025-07-30,0.0,0.0,0.0,0.0,0,0,0,0.0,0,0,0
2025-07-31,0.0,0.0,0.0,0.0,0,2025-07-31 10:00:00,Federal Fiscal Deficit  (Jun),1.0,"2,807.32B",,131.63B
2025-08-01,0.06314891304347825,0.10897826086956522,0.07859627329192545,0.8124254658385092,320,2025-08-01 11:30:00,Bank Loan Growth,1.0,9.8%,,9.5%
2025-08-02,-0.051967160493827165,0.09284197530864201,0.11304444444444445,0.7941160493827165,200,0,0,0.0,0,0,0
2025-08-03,-0.04160894941634242,0.0921089494163424,0.11402723735408564,0.7938599221789884,126,0,0,0.0,0,0,0
2025-08-04,0.06870202020202024,0.11474747474747474,0.07198484848484847,0.8132710437710436,295,0,0,0.0,0,0,0
2025-08-05,0.05423347763347766,0.11938961038961046,0.08827705627705627,0.7923419913419916,345,0,0,0.0,0,0,0
2025-08-06,0.04600403645833337,0.10271223958333336,0.0746497395833333,0.8226458333333334,382,2025-08-06 04:30:00,Interest Rate Decision,2.0,5.50%,5.50%,5.50%
2025-08-07,0.06131450577663671,0.1013183568677792,0.06969062901155329,0.8289961489088574,388,0,0,0.0,0,0,0
2025-08-08,0.005111190817790522,0.09054662840746056,0.0908278335724534,0.818634146341463,347,2025-08-08 11:30:00,Bank Loan Growth,1.0,10.0%,,9.8%
2025-08-09,-0.003015294117647057,0.08841176470588236,0.09151764705882352,0.8200882352941176,168,0,0,0.0,0,0,0
2025-08-10,0.051772507552870085,0.1003867069486405,0.0776283987915408,0.821996978851964,163,0,0,0.0,0,0,0
2025-08-11,0.07763872549019606,0.11948692810457519,0.07232026143790847,0.8081993464052288,304,0,0,0.0,0,0,0
2025-08-12,0.06293876582278482,0.1023243670886076,0.06838765822784815,0.8292753164556963,315,2025-08-12 10:30:00,CPI (YoY)  (Jul),2.0,1.55%,1.76%,2.10%
2025-08-13,0.05410348101265824,0.1177753164556962,0.08259810126582277,0.7996265822784809,155,0,0,0.0,0,0,0
2025-08-14,0.0,0.0,0.0,0.0,0,2025-08-14 06:30:00,WPI Food (YoY)  (Jul),1.0,-6.29%,,-3.75%
2025-08-14,0.0,0.0,0.0,0.0,0,2025-08-14 06:30:00,WPI Fuel (YoY)  (Jul),1.0,-2.43%,,-2.65%
2025-08-14,0.0,0.0,0.0,0.0,0,2025-08-14 06:30:00,WPI Inflation (YoY)  (Jul),2.0,-0.58%,-0.30%,-0.13%
2025-08-14,0.0,0.0,0.0,0.0,0,2025-08-14 06:30:00,WPI Manufacturing Inflation (YoY)  (Jul),1.0,2.05%,,1.97%
2025-08-14,0.0,0.0,0.0,0.0,0,2025-08-14 09:00:00,Exports (USD)  (Jul),1.0,37.24B,,35.14B
2025-08-14,0.0,0.0,0.0,0.0,0,2025-08-14 09:00:00,Imports (USD)  (Jul),1.0,64.59B,,53.92B
2025-08-14,0.0,0.0,0.0,0.0,0,2025-08-14 09:00:00,Trade Balance  (Jul),1.0,-27.35B,-20.40B,-18.78B
2025-08-15,0.0,0.0,0.0,0.0,0,0,0,0.0,0,0,0
2025-08-16,0.0,0.0,0.0,0.0,0,0,0,0.0,0,0,0
2025-08-17,0.0,0.0,0.0,0.0,0,0,0,0.0,0,0,0
2025-08-18,0.0,0.0,0.0,0.0,0,0,0,0.0,0,0,0
2025-08-19,0.0,0.0,0.0,0.0,0,0,0,0.0,0,0,0
2025-08-20,0.0,0.0,0.0,0.0,0,0,0,0.0,0,0,0
2025-08-21,0.0,0.0,0.0,0.0,0,2025-08-21 11:30:00,RBI MPC Meeting Minutes,2.0,,,
2025-08-22,0.0,0.0,0.0,0.0,0,2025-08-22 11:30:00,Bank Loan Growth,1.0,10.2%,,10.0%
2025-08-23,0.0,0.0,0.0,0.0,0,0,0,0.0,0,0,0
2025-08-24,0.0,0.0,0.0,0.0,0,0,0,0.0,0,0,0
2025-08-25,0.0,0.0,0.0,0.0,0,0,0,0.0,0,0,0
2025-08-26,0.0,0.0,0.0,0.0,0,0,0,0.0,0,0,0
2025-08-27,0.0,0.0,0.0,0.0,0,0,0,0.0,0,0,0
2025-08-28,0.0,0.0,0.0,0.0,0,2025-08-28 10:30:00,Cumulative Industrial Production  (Jul),1.0,2.30%,,2.00%
2025-08-28,0.0,0.0,0.0,0.0,0,2025-08-28 10:30:00,Industrial Production (YoY)  (Jul),1.0,3.5%,2.1%,1.5%
2025-08-29,0.0,0.0,0.0,0.0,0,2025-08-29 10:00:00,Federal Fiscal Deficit  (Jul),1.0,"4,684.16B",,"2,807.32B"
2025-08-29,0.0,0.0,0.0,0.0,0,2025-08-29 10:30:00,GDP Quarterly (YoY)  (Q1),2.0,7.8%,6.6%,7.4%
2025-08-30,0.0,0.0,0.0,0.0,0,0,0,0.0,0,0,0
2025-08-31,0.0,0.0,0.0,0.0,0,0,0,0.0,0,0,0
2025-09-01,0.08412931297709925,0.12239847328244276,0.07747480916030537,0.8001328244274807,326,2025-09-01 12:00:00,Current Account % of GDP (QoQ)  (Q2),1.0,-0.20%,,1.30%
2025-09-01,0.08412931297709925,0.12239847328244276,0.07747480916030537,0.8001328244274807,326,2025-09-01 12:00:00,Trade Balance (USD)  (Q2),1.0,-68.500B,,-59.500B
2025-09-02,0.05392488888888888,0.09774074074074082,0.06914074074074074,0.8331214814814812,335,0,0,0.0,0,0,0
2025-09-03,0.1388585218702865,0.12895625942684769,0.06090799396681748,0.8101357466063341,328,0,0,0.0,0,0,0
2025-09-04,0.05170955497382197,0.103151832460733,0.08589397905759166,0.8109463350785346,379,0,0,0.0,0,0,0
2025-09-05,0.09697664756446991,0.12536103151862465,0.07612464183381089,0.7985042979942694,347,2025-09-05 11:30:00,Bank Loan Growth,1.0,10.0%,,10.2%
2025-09-06,0.042399142857142885,0.10714857142857145,0.08494,0.8079171428571429,174,0,0,0.0,0,0,0
2025-09-07,0.014287414965986404,0.095078231292517,0.09581632653061223,0.8091190476190477,145,0,0,0.0,0,0,0
2025-09-08,0.1410631239935587,0.12436876006441214,0.06460708534621579,0.8110322061191625,309,0,0,0.0,0,0,0
2025-09-09,0.04604162754303598,0.10423787167449138,0.08060406885759,0.8151580594679191,319,0,0,0.0,0,0,0
2025-09-10,0.09717507507507508,0.11215915915915911,0.06709159159159159,0.820744744744744,332,0,0,0.0,0,0,0
2025-09-11,-0.003744492753623185,0.10143768115942031,0.09432463768115945,0.8042594202898549,342,0,0,0.0,0,0,0
2025-09-12,0.04598577586206897,0.10947126436781607,0.08476580459770117,0.8057672413793104,346,2025-09-12 10:30:00,CPI (YoY)  (Aug),2.0,2.07%,2.10%,1.61%
2025-09-13,-0.004480740740740747,0.09313086419753086,0.09718765432098765,0.8096666666666668,200,0,0,0.0,0,0,0
2025-09-14,0.0,0.0,0.0,0.0,0,0,0,0.0,0,0,0
2025-09-15,0.0,0.0,0.0,0.0,0,2025-09-15 06:30:00,WPI Food (YoY)  (Aug),1.0,-3.06%,,-6.29%
2025-09-15,0.0,0.0,0.0,0.0,0,2025-09-15 06:30:00,WPI Fuel (YoY)  (Aug),1.0,-3.17%,,-2.43%
2025-09-15,0.0,0.0,0.0,0.0,0,2025-09-15 06:30:00,WPI Inflation (YoY)  (Aug),2.0,0.52%,0.30%,-0.58%
2025-09-15,0.0,0.0,0.0,0.0,0,2025-09-15 06:30:00,WPI Manufacturing Inflation (YoY)  (Aug),1.0,2.55%,,2.05%
2025-09-15,0.0,0.0,0.0,0.0,0,2025-09-15 09:30:00,Exports (USD)  (Aug),1.0,35.10B,,37.24B
2025-09-15,0.0,0.0,0.0,0.0,0,2025-09-15 09:30:00,Imports (USD)  (Aug),1.0,61.59B,,64.59B
2025-09-15,0.0,0.0,0.0,0.0,0,2025-09-15 11:30:00,Trade Balance  (Aug),1.0,-26.49B,,-27.35B
2025-09-16,0.0,0.0,0.0,0.0,0,0,0,0.0,0,0,0
2025-09-17,0.0,0.0,0.0,0.0,0,0,0,0.0,0,0,0
2025-09-18,0.0,0.0,0.0,0.0,0,0,0,0.0,0,0,0
2025-09-19,0.0,0.0,0.0,0.0,0,2025-09-19 11:30:00,Bank Loan Growth,1.0,10.3%,,10.0%
2025-09-20,0.0,0.0,0.0,0.0,0,0,0,0.0,0,0,0
2025-09-21,0.0,0.0,0.0,0.0,0,0,0,0.0,0,0,0
2025-09-22,0.0,0.0,0.0,0.0,0,0,0,0.0,0,0,0
2025-09-23,0.0,0.0,0.0,0.0,0,0,0,0.0,0,0,0
2025-09-24,0.0,0.0,0.0,0.0,0,0,0,0.0,0,0,0
2025-09-25,0.0,0.0,0.0,0.0,0,0,0,0.0,0,0,0
2025-09-26,0.0,0.0,0.0,0.0,0,0,0,0.0,0,0,0
2025-09-27,0.0,0.0,0.0,0.0,0,0,0,0.0,0,0,0
2025-09-28,0.0,0.0,0.0,0.0,0,0,0,0.0,0,0,0
2025-09-29,0.0,0.0,0.0,0.0,0,2025-09-29 10:30:00,Cumulative Industrial Production  (Aug),1.0,2.80%,,2.30%
2025-09-29,0.0,0.0,0.0,0.0,0,2025-09-29 10:30:00,Industrial Production (YoY)  (Aug),1.0,4.0%,5.0%,4.3%
2025-09-30,0.0,0.0,0.0,0.0,0,2025-09-30 10:00:00,Federal Fiscal Deficit  (Aug),1.0,"5,981.53B",,"4,684.16B"
2025-10-01,0.0970785819793205,0.11044017725258504,0.06064992614475629,0.828915805022157,337,2025-10-01 04:30:00,Interest Rate Decision,2.0,5.50%,5.50%,5.50%
2025-10-01,0.0970785819793205,0.11044017725258504,0.06064992614475629,0.828915805022157,337,2025-10-01 04:30:00,RBI Financial Stability Report,2.0,,,
2025-10-02,0.04661770114942528,0.11188275862068967,0.0894620689655172,0.7986367816091954,215,0,0,0.0,0,0,0
2025-10-03,0.08084674085850557,0.11180445151033387,0.07191573926868049,0.8162734499205088,313,2025-10-03 11:30:00,Bank Loan Growth,1.0,10.4%,,10.3%
2025-10-04,0.05751455399061036,0.1068098591549296,0.08936619718309859,0.8038051643192488,211,0,0,0.0,0,0,0
2025-10-05,0.0609257731958763,0.10331958762886598,0.07870103092783505,0.8179896907216495,95,0,0,0.0,0,0,0
2025-10-06,0.09657908805031445,0.11989779874213842,0.07175314465408805,0.8083427672955973,316,0,0,0.0,0,0,0
2025-10-07,0.09429551999999998,0.11468799999999998,0.06635519999999999,0.8189503999999996,311,0,0,0.0,0,0,0
2025-10-08,0.10151891891891887,0.11084684684684684,0.06708558558558557,0.8220705705705706,332,0,0,0.0,0,0,0
2025-10-09,0.0989523648648649,0.11430743243243248,0.06755067567567567,0.8181385135135133,294,0,0,0.0,0,0,0
2025-10-10,0.11046490384615391,0.13271153846153852,0.07741987179487181,0.7898878205128205,310,0,0,0.0,0,0,0
2025-10-11,-0.029109813084112174,0.09998130841121493,0.11065654205607472,0.7893481308411215,212,0,0,0.0,0,0,0
2025-10-12,-0.011130418250950552,0.09288212927756653,0.10687452471482889,0.8002205323193916,130,0,0,0.0,0,0,0
2025-10-13,0.05326341463414632,0.11701219512195121,0.08745934959349597,0.7955487804878049,244,2025-10-13 10:30:00,CPI (YoY)  (Sep),2.0,1.54%,1.70%,2.07%
2025-10-14,0.0,0.0,0.0,0.0,0,2025-10-14 06:30:00,WPI Food (YoY)  (Sep),1.0,-5.22%,,-3.06%
2025-10-14,0.0,0.0,0.0,0.0,0,2025-10-14 06:30:00,WPI Fuel (YoY)  (Sep),1.0,-2.58%,,-3.17%
2025-10-14,0.0,0.0,0.0,0.0,0,2025-10-14 06:30:00,WPI Inflation (YoY)  (Sep),2.0,0.13%,0.50%,0.52%
2025-10-14,0.0,0.0,0.0,0.0,0,2025-10-14 06:30:00,WPI Manufacturing Inflation (YoY)  (Sep),1.0,2.33%,,2.55%
2025-10-15,0.0,0.0,0.0,0.0,0,2025-10-15 09:30:00,Exports (USD)  (Sep),1.0,36.38B,,35.10B
2025-10-15,0.0,0.0,0.0,0.0,0,2025-10-15 09:30:00,Imports (USD)  (Sep),1.0,68.53B,,61.59B
2025-10-15,0.0,0.0,0.0,0.0,0,2025-10-15 09:30:00,Trade Balance  (Sep),1.0,-32.15B,,-26.49B
2025-10-15,0.0,0.0,0.0,0.0,0,2025-10-15 11:30:00,RBI MPC Meeting Minutes,2.0,,,
2025-10-16,0.0,0.0,0.0,0.0,0,0,0,0.0,0,0,0
2025-10-17,0.0,0.0,0.0,0.0,0,2025-10-17 11:30:00,Bank Loan Growth,1.0,11.4%,,10.4%
2025-10-18,0.0,0.0,0.0,0.0,0,0,0,0.0,0,0,0
2025-10-19,0.0,0.0,0.0,0.0,0,0,0,0.0,0,0,0
2025-10-20,0.0,0.0,0.0,0.0,0,0,0,0.0,0,0,0
2025-10-21,0.0,0.0,0.0,0.0,0,0,0,0.0,0,0,0
2025-10-22,0.0,0.0,0.0,0.0,0,0,0,0.0,0,0,0
2025-10-23,0.0,0.0,0.0,0.0,0,0,0,0.0,0,0,0
2025-10-24,0.0,0.0,0.0,0.0,0,0,0,0.0,0,0,0
2025-10-25,0.0,0.0,0.0,0.0,0,0,0,0.0,0,0,0
2025-10-26,0.0,0.0,0.0,0.0,0,0,0,0.0,0,0,0
2025-10-27,0.0,0.0,0.0,0.0,0,0,0,0.0,0,0,0
2025-10-28,0.0,0.0,0.0,0.0,0,2025-10-28 10:30:00,Cumulative Industrial Production  (Sep),1.0,3.00%,,2.80%
2025-10-28,0.0,0.0,0.0,0.0,0,2025-10-28 10:30:00,Industrial Production (YoY)  (Sep),1.0,4.0%,,4.0%
2025-10-29,0.0,0.0,0.0,0.0,0,0,0,0.0,0,0,0
2025-10-30,0.0,0.0,0.0,0.0,0,0,0,0.0,0,0,0
2025-10-31,0.0,0.0,0.0,0.0,0,2025-10-31 10:00:00,Federal Fiscal Deficit  (Sep),1.0,"5,731.23B",,"5,981.53B"
2025-10-31,0.0,0.0,0.0,0.0,0,2025-10-31 11:30:00,Bank Loan Growth,1.0,11.5%,,11.4%
2025-11-01,0.07614004914004915,0.1080835380835381,0.06665110565110566,0.825260442260442,200,0,0,0.0,0,0,0
2025-11-02,0.07175743243243242,0.11184121621621618,0.08114189189189189,0.8070101351351355,146,0,0,0.0,0,0,0
2025-11-03,0.15151189024390252,0.12698932926829268,0.05665853658536583,0.8163338414634145,326,0,0,0.0,0,0,0
2025-11-04,0.10287147385103014,0.12127892234548336,0.06846117274167986,0.8102662440570522,314,0,0,0.0,0,0,0
2025-11-05,0.06187626459143968,0.11016926070038911,0.0775272373540856,0.812311284046693,255,0,0,0.0,0,0,0
2025-11-06,0.11643923076923071,0.12018000000000005,0.06527076923076922,0.8145492307692308,322,0,0,0.0,0,0,0
2025-11-07,0.09184729064039411,0.11568472906403948,0.07128078817733992,0.8130443349753695,302,0,0,0.0,0,0,0
2025-11-08,0.01929462915601023,0.10666496163682868,0.08945780051150895,0.8038721227621481,194,0,0,0.0,0,0,0
2025-11-09,0.06622675438596494,0.10322807017543859,0.06857894736842104,0.8282017543859652,112,0,0,0.0,0,0,0
2025-11-10,0.10548901734104048,0.12249710982658954,0.07200000000000001,0.8055067437379576,258,0,0,0.0,0,0,0
2025-11-11,0.11744054878048782,0.12365548780487806,0.06844817073170732,0.807932926829268,161,0,0,0.0,0,0,0
2025-11-12,0.0,0.0,0.0,0.0,0,2025-11-12 10:30:00,CPI (YoY)  (Oct),2.0,0.25%,0.48%,1.44%
2025-11-13,0.0,0.0,0.0,0.0,0,0,0,0.0,0,0,0
2025-11-14,0.0,0.0,0.0,0.0,0,2025-11-14 06:30:00,WPI Food (YoY)  (Oct),1.0,-8.31%,,-5.22%
2025-11-14,0.0,0.0,0.0,0.0,0,2025-11-14 06:30:00,WPI Fuel (YoY)  (Oct),1.0,-2.55%,,-2.58%
2025-11-14,0.0,0.0,0.0,0.0,0,2025-11-14 06:30:00,WPI Inflation (YoY)  (Oct),2.0,-1.21%,-0.60%,0.13%
2025-11-14,0.0,0.0,0.0,0.0,0,2025-11-14 06:30:00,WPI Manufacturing Inflation (YoY)  (Oct),1.0,1.54%,,2.33%
2025-11-14,0.0,0.0,0.0,0.0,0,2025-11-14 11:30:00,Bank Loan Growth,1.0,11.3%,,11.5%
2025-11-15,0.0,0.0,0.0,0.0,0,0,0,0.0,0,0,0
2025-11-16,0.0,0.0,0.0,0.0,0,0,0,0.0,0,0,0
2025-11-17,0.0,0.0,0.0,0.0,0,2025-11-17 09:15:00,Exports (USD)  (Oct),1.0,34.38B,,36.38B
2025-11-17,0.0,0.0,0.0,0.0,0,2025-11-17 09:15:00,Imports (USD)  (Oct),1.0,76.06B,,68.53B
2025-11-17,0.0,0.0,0.0,0.0,0,2025-11-17 09:15:00,Trade Balance  (Oct),1.0,-41.68B,-29.40B,-32.15B
2025-11-18,0.0,0.0,0.0,0.0,0,0,0,0.0,0,0,0
2025-11-19,0.0,0.0,0.0,0.0,0,0,0,0.0,0,0,0
2025-11-20,0.0,0.0,0.0,0.0,0,0,0,0.0,0,0,0
2025-11-21,0.0,0.0,0.0,0.0,0,0,0,0.0,0,0,0
2025-11-22,0.0,0.0,0.0,0.0,0,0,0,0.0,0,0,0
2025-11-23,0.0,0.0,0.0,0.0,0,0,0,0.0,0,0,0
2025-11-24,0.0,0.0,0.0,0.0,0,0,0,0.0,0,0,0
2025-11-25,0.0,0.0,0.0,0.0,0,0,0,0.0,0,0,0
2025-11-26,0.0,0.0,0.0,0.0,0,0,0,0.0,0,0,0
2025-11-27,0.0,0.0,0.0,0.0,0,0,0,0.0,0,0,0
2025-11-28,0.0,0.0,0.0,0.0,0,2025-11-28 10:00:00,Federal Fiscal Deficit  (Oct),1.0,"8,251.44B",,"5,731.23B"
2025-11-28,0.0,0.0,0.0,0.0,0,2025-11-28 10:30:00,GDP Quarterly (YoY)  (Q2),2.0,8.2%,7.3%,7.8%
2025-11-28,0.0,0.0,0.0,0.0,0,2025-11-28 11:30:00,Bank Loan Growth,1.0,11.4%,,11.3%
2025-11-29,0.0,0.0,0.0,0.0,0,0,0,0.0,0,0,0
2025-11-30,0.0,0.0,0.0,0.0,0,0,0,0.0,0,0,0
2025-12-01,0.062027256637168134,0.10752212389380535,0.07508318584070799,0.8173946902654871,281,2025-12-01 10:30:00,Cumulative Industrial Production  (Oct),1.0,2.70%,,3.00%
2025-12-01,0.062027256637168134,0.10752212389380535,0.07508318584070799,0.8173946902654871,281,2025-12-01 10:30:00,Industrial Production (YoY)  (Oct),1.0,0.4%,3.6%,4.6%
2025-12-01,0.062027256637168134,0.10752212389380535,0.07508318584070799,0.8173946902654871,281,2025-12-01 11:30:00,Current Account % of GDP (QoQ)  (Q3),1.0,-1.30%,,-0.20%
2025-12-01,0.062027256637168134,0.10752212389380535,0.07508318584070799,0.8173946902654871,281,2025-12-01 11:30:00,Trade Balance (USD)  (Q3),1.0,-87.400B,,-68.500B
2025-12-02,0.06808702163061565,0.11108652246256245,0.07705657237936772,0.8118535773710485,299,0,0,0.0,0,0,0
2025-12-03,0.07601985940246042,0.10647275922671352,0.07179086115992965,0.8217188049209134,283,0,0,0.0,0,0,0
2025-12-04,0.03198313953488376,0.10255620155038761,0.07813565891472866,0.819312015503876,257,0,0,0.0,0,0,0
2025-12-05,0.02982730769230769,0.1065115384615385,0.08047884615384616,0.813036538461538,259,2025-12-05 04:30:00,Interest Rate Decision,2.0,5.25%,5.25%,5.50%
2025-12-06,0.08952086092715232,0.10958940397350987,0.07875827814569537,0.8116192052980132,150,0,0,0.0,0,0,0
2025-12-07,0.04794480874316941,0.11903825136612019,0.09137158469945356,0.7896010928961746,90,0,0,0.0,0,0,0
2025-12-08,0.07270198412698414,0.11709126984126982,0.08146031746031746,0.8014365079365078,250,0,0,0.0,0,0,0
2025-12-09,0.03653060498220643,0.09968149466192172,0.08040213523131674,0.8199234875444841,279,0,0,0.0,0,0,0
2025-12-10,0.09543886718750001,0.112234375,0.07195507812499999,0.8158027343750002,254,0,0,0.0,0,0,0
2025-12-11,-0.0015021052631578726,0.08496842105263157,0.08862105263157895,0.8264210526315791,44,0,0,0.0,0,0,0
2025-12-12,0.0,0.0,0.0,0.0,0,2025-12-12 10:30:00,CPI (YoY)  (Nov),2.0,0.71%,0.70%,0.25%
2025-12-12,0.0,0.0,0.0,0.0,0,2025-12-12 11:30:00,Bank Loan Growth,1.0,11.5%,,11.4%
2025-12-13,0.0,0.0,0.0,0.0,0,0,0,0.0,0,0,0
2025-12-14,0.0,0.0,0.0,0.0,0,0,0,0.0,0,0,0
2025-12-15,0.0,0.0,0.0,0.0,0,2025-12-15 06:30:00,WPI Food (YoY)  (Nov),1.0,-2.60%,,-5.04%
2025-12-15,0.0,0.0,0.0,0.0,0,2025-12-15 06:30:00,WPI Fuel (YoY)  (Nov),1.0,-2.27%,,-2.55%
2025-12-15,0.0,0.0,0.0,0.0,0,2025-12-15 06:30:00,WPI Inflation (YoY)  (Nov),2.0,-0.32%,-0.60%,-1.21%
2025-12-15,0.0,0.0,0.0,0.0,0,2025-12-15 06:30:00,WPI Manufacturing Inflation (YoY)  (Nov),1.0,1.33%,,1.54%
2025-12-15,0.0,0.0,0.0,0.0,0,2025-12-15 07:30:00,Exports (USD)  (Nov),1.0,38.13B,,34.38B
2025-12-15,0.0,0.0,0.0,0.0,0,2025-12-15 07:30:00,Imports (USD)  (Nov),1.0,62.66B,,76.06B
2025-12-15,0.0,0.0,0.0,0.0,0,2025-12-15 07:30:00,Trade Balance  (Nov),1.0,-24.53B,,-41.68B
2025-12-16,0.0,0.0,0.0,0.0,0,0,0,0.0,0,0,0
2025-12-17,0.0,0.0,0.0,0.0,0,0,0,0.0,0,0,0
2025-12-18,0.0,0.0,0.0,0.0,0,0,0,0.0,0,0,0
2025-12-19,0.0,0.0,0.0,0.0,0,2025-12-19 11:30:00,RBI MPC Meeting Minutes,2.0,,,
2025-12-20,0.0,0.0,0.0,0.0,0,0,0,0.0,0,0,0
2025-12-21,0.0,0.0,0.0,0.0,0,0,0,0.0,0,0,0
2025-12-22,0.0,0.0,0.0,0.0,0,0,0,0.0,0,0,0
2025-12-23,0.0,0.0,0.0,0.0,0,0,0,0.0,0,0,0
2025-12-24,0.0,0.0,0.0,0.0,0,0,0,0.0,0,0,0
2025-12-25,0.0,0.0,0.0,0.0,0,0,0,0.0,0,0,0
2025-12-26,0.0,0.0,0.0,0.0,0,0,0,0.0,0,0,0
2025-12-27,0.0,0.0,0.0,0.0,0,0,0,0.0,0,0,0
2025-12-28,0.0,0.0,0.0,0.0,0,0,0,0.0,0,0,0
2025-12-29,0.0,0.0,0.0,0.0,0,2025-12-29 10:30:00,Cumulative Industrial Production  (Nov),1.0,3.30%,,2.70%
2025-12-29,0.0,0.0,0.0,0.0,0,2025-12-29 10:30:00,Industrial Production (YoY)  (Nov),1.0,6.7%,2.5%,0.5%
2025-12-30,0.0,0.0,0.0,0.0,0,0,0,0.0,0,0,0
2025-12-31,0.0,0.0,0.0,0.0,0,2025-12-31 10:00:00,Federal Fiscal Deficit  (Nov),1.0,"9,766.71B",,"8,251.44B"
2026-01-01,0.12229539473684208,0.11500657894736846,0.056473684210526315,0.8285263157894736,150,0,0,0.0,0,0,0
2026-01-02,0.1681024793388429,0.12831818181818191,0.05830165289256198,0.8133884297520664,241,2026-01-02 12:00:00,Bank Loan Growth,1.0,12.0%,,11.5%
2026-01-03,0.08898505747126437,0.11429118773946362,0.08264750957854404,0.8030459770114944,129,0,0,0.0,0,0,0
2026-01-04,0.029405479452054815,0.09547945205479454,0.08832420091324203,0.8161780821917809,106,0,0,0.0,0,0,0
2026-01-05,0.07733048780487804,0.11297560975609751,0.07868989547038326,0.8083310104529619,286,0,0,0.0,0,0,0
2026-01-06,0.06146496478873241,0.10116373239436623,0.07437323943661973,0.8244630281690144,283,0,0,0.0,0,0,0
2026-01-07,0.0825554716981132,0.11735283018867923,0.07605094339622644,0.8065962264150939,263,2026-01-07 10:30:00,GDP Annual,1.0,7.4%,,6.5%
2026-01-08,0.09592523900573618,0.117434034416826,0.06719694072657746,0.8153575525812621,258,0,0,0.0,0,0,0
2026-01-09,0.08128126195028686,0.10685468451242829,0.07234799235181645,0.8207782026768642,259,2026-01-09 11:30:00,Bank Loan Growth,1.0,14.5%,,12.0%
2026-01-10,0.04418264984227132,0.09911987381703471,0.08210094637223973,0.8187697160883282,158,0,0,0.0,0,0,0
2026-01-11,0.06006171875,0.10079296874999999,0.07953515625,0.81965625,126,0,0,0.0,0,0,0
2026-01-12,0.06529216300940441,0.09677272727272733,0.06929467084639496,0.8339294670846396,317,2026-01-12 10:30:00,CPI (YoY)  (Dec),2.0,1.33%,1.50%,0.71%
2026-01-13,0.06787884615384615,0.1251923076923077,0.08118269230769232,0.7935961538461539,50,0,0,0.0,0,0,0
2026-01-14,0.0,0.0,0.0,0.0,0,2026-01-14 06:30:00,WPI Food (YoY)  (Dec),1.0,-0.43%,,-4.16%
2026-01-14,0.0,0.0,0.0,0.0,0,2026-01-14 06:30:00,WPI Fuel (YoY)  (Dec),1.0,-2.31%,,-2.27%
2026-01-14,0.0,0.0,0.0,0.0,0,2026-01-14 06:30:00,WPI Inflation (YoY)  (Dec),2.0,0.83%,0.30%,-0.32%
2026-01-14,0.0,0.0,0.0,0.0,0,2026-01-14 06:30:00,WPI Manufacturing Inflation (YoY)  (Dec),1.0,1.82%,,1.33%
2026-01-15,0.0,0.0,0.0,0.0,0,2026-01-15 08:40:00,Exports (USD)  (Dec),1.0,38.51B,,38.13B
2026-01-15,0.0,0.0,0.0,0.0,0,2026-01-15 08:40:00,Imports (USD)  (Dec),1.0,63.55B,,62.66B
2026-01-15,0.0,0.0,0.0,0.0,0,2026-01-15 08:40:00,Trade Balance  (Dec),1.0,-25.04B,,-24.53B
2026-01-16,0.0,0.0,0.0,0.0,0,0,0,0.0,0,0,0
2026-01-17,0.0,0.0,0.0,0.0,0,0,0,0.0,0,0,0
2026-01-18,0.0,0.0,0.0,0.0,0,0,0,0.0,0,0,0
2026-01-19,0.0,0.0,0.0,0.0,0,0,0,0.0,0,0,0
2026-01-20,0.0,0.0,0.0,0.0,0,0,0,0.0,0,0,0
2026-01-21,0.0,0.0,0.0,0.0,0,0,0,0.0,0,0,0
2026-01-22,0.0,0.0,0.0,0.0,0,0,0,0.0,0,0,0
2026-01-23,0.0,0.0,0.0,0.0,0,0,0,0.0,0,0,0
2026-01-24,0.0,0.0,0.0,0.0,0,0,0,0.0,0,0,0
2026-01-25,0.0,0.0,0.0,0.0,0,0,0,0.0,0,0,0
2026-01-26,0.0,0.0,0.0,0.0,0,0,0,0.0,0,0,0
2026-01-27,0.0,0.0,0.0,0.0,0,0,0,0.0,0,0,0
2026-01-28,0.0,0.0,0.0,0.0,0,2026-01-28 10:30:00,Cumulative Industrial Production  (Dec),1.0,3.90%,,3.30%
2026-01-28,0.0,0.0,0.0,0.0,0,2026-01-28 10:30:00,Industrial Production (YoY)  (Dec),1.0,7.8%,5.5%,7.2%
2026-01-29,0.0,0.0,0.0,0.0,0,0,0,0.0,0,0,0
2026-01-30,0.0,0.0,0.0,0.0,0,2026-01-30 10:00:00,Federal Fiscal Deficit  (Dec),1.0,"8,558.42B",,"9,766.71B"
2026-01-30,0.0,0.0,0.0,0.0,0,2026-01-30 12:00:00,Bank Loan Growth,1.0,13.1%,,14.5%
2026-01-31,0.0,0.0,0.0,0.0,0,0,0,0.0,0,0,0
2026-02-01,0.11457588932806305,0.10820948616600796,0.049820816864295105,0.8419617918313572,375,2026-02-01 06:00:00,Indian Union Budget,2.0,,,
2026-02-02,0.13817834224598924,0.12382620320855621,0.056430481283422464,0.8197513368983957,374,0,0,0.0,0,0,0
2026-02-03,0.16256937590711157,0.12379970972423807,0.051815674891146614,0.8243802612481859,341,0,0,0.0,0,0,0
2026-02-04,0.06736339677891658,0.097389458272328,0.06461786237188868,0.8380014641288434,339,0,0,0.0,0,0,0
2026-02-05,0.048617434210526334,0.10820230263157898,0.08042105263157895,0.8113651315789472,303,0,0,0.0,0,0,0
2026-02-06,0.07761652754590984,0.11253088480801335,0.07257929883138563,0.8149031719532557,297,2026-02-06 04:30:00,Interest Rate Decision,2.0,5.25%,5.25%,5.25%
2026-02-07,0.13731442542787278,0.12187286063569683,0.0544205378973105,0.8237212713936427,202,0,0,0.0,0,0,0
2026-02-08,0.12309003831417624,0.12575478927203065,0.06873180076628352,0.805498084291188,129,0,0,0.0,0,0,0
2026-02-09,0.12761428571428565,0.11947848537005169,0.061271944922547325,0.8192426850258175,288,0,0,0.0,0,0,0
2026-02-10,0.07283506891271058,0.1076110260336907,0.06937825421133234,0.8229969372128639,325,0,0,0.0,0,0,0
2026-02-11,0.17147656249999998,0.148546875,0.055874999999999994,0.7955781249999998,29,0,0,0.0,0,0,0
2026-02-12,0.0,0.0,0.0,0.0,0,2026-02-12 10:30:00,CPI (YoY)  (Jan),2.0,2.75%,2.40%,1.33%
2026-02-13,0.0,0.0,0.0,0.0,0,0,0,0.0,0,0,0
2026-02-14,0.0,0.0,0.0,0.0,0,0,0,0.0,0,0,0
2026-02-15,0.0,0.0,0.0,0.0,0,0,0,0.0,0,0,0
2026-02-16,0.0,0.0,0.0,0.0,0,0,0,0.0,0,0,0
2026-02-17,0.0,0.0,0.0,0.0,0,0,0,0.0,0,0,0
2026-02-18,0.0,0.0,0.0,0.0,0,0,0,0.0,0,0,0
2026-02-19,0.0,0.0,0.0,0.0,0,0,0,0.0,0,0,0
2026-02-20,0.0,0.0,0.0,0.0,0,0,0,0.0,0,0,0
2026-02-21,0.0,0.0,0.0,0.0,0,0,0,0.0,0,0,0
2026-02-22,0.0,0.0,0.0,0.0,0,0,0,0.0,0,0,0
2026-02-23,0.0,0.0,0.0,0.0,0,0,0,0.0,0,0,0
2026-02-24,0.0,0.0,0.0,0.0,0,0,0,0.0,0,0,0
2026-02-25,0.0,0.0,0.0,0.0,0,0,0,0.0,0,0,0
2026-02-26,0.0,0.0,0.0,0.0,0,0,0,0.0,0,0,0
2026-02-27,0.0,0.0,0.0,0.0,0,0,0,0.0,0,0,0
2026-02-28,0.0,0.0,0.0,0.0,0,0,0,0.0,0,0,0
2026-03-01,-0.25277703081232483,0.07833333333333334,0.1919299719887955,0.729714285714286,176,0,0,0.0,0,0,0
2026-03-02,-0.183747619047619,0.09092207792207799,0.16792929292929298,0.7411443001442998,344,0,0,0.0,0,0,0
2026-03-03,-0.2354136942675159,0.08070541401273888,0.18740286624203822,0.7319140127388538,311,0,0,0.0,0,0,0
2026-03-04,-0.1633688492063492,0.0870416666666667,0.16148015873015867,0.7515357142857143,249,0,0,0.0,0,0,0
2026-03-05,-0.0892398089171974,0.09778184713375794,0.135547770700637,0.7666831210191081,311,0,0,0.0,0,0,0
2026-03-06,-0.09273564954682774,0.085273413897281,0.1317175226586103,0.7829999999999995,329,0,0,0.0,0,0,0
2026-03-07,-0.09939696202531643,0.08916202531645571,0.1381848101265822,0.7726379746835442,196,0,0,0.0,0,0,0
2026-03-08,-0.06447450980392157,0.07854509803921567,0.12209411764705885,0.7993529411764705,126,0,0,0.0,0,0,0
2026-03-09,-0.1365760984182777,0.08599999999999995,0.1442688927943761,0.7697311072056237,282,0,0,0.0,0,0,0
2026-03-10,-0.09998476923076925,0.09248615384615383,0.12659230769230778,0.780912307692308,324,0,0,0.0,0,0,0
2026-03-11,-0.04854561151079137,0.09259568345323736,0.10841294964028786,0.7989827338129499,345,0,0,0.0,0,0,0
2026-03-12,-0.12004935897435895,0.08769871794871792,0.13549679487179492,0.7767916666666664,310,0,0,0.0,0,0,0
2026-03-13,-0.13188150000000004,0.0991775,0.14505999999999994,0.7557274999999997,197,0,0,0.0,0,0,0
2026-03-14,0.0,0.0,0.0,0.0,0,0,0,0.0,0,0,0
2026-03-15,0.0,0.0,0.0,0.0,0,0,0,0.0,0,0,0
2026-03-16,0.0,0.0,0.0,0.0,0,0,0,0.0,0,0,0
2026-03-17,0.0,0.0,0.0,0.0,0,0,0,0.0,0,0,0
2026-03-18,0.0,0.0,0.0,0.0,0,0,0,0.0,0,0,0
2026-03-19,0.0,0.0,0.0,0.0,0,0,0,0.0,0,0,0
2026-03-20,0.0,0.0,0.0,0.0,0,0,0,0.0,0,0,0
2026-03-21,0.0,0.0,0.0,0.0,0,0,0,0.0,0,0,0
2026-03-22,0.0,0.0,0.0,0.0,0,0,0,0.0,0,0,0
2026-03-23,0.0,0.0,0.0,0.0,0,0,0,0.0,0,0,0
2026-03-24,0.0,0.0,0.0,0.0,0,0,0,0.0,0,0,0
2026-03-25,0.0,0.0,0.0,0.0,0,0,0,0.0,0,0,0
2026-03-26,0.0,0.0,0.0,0.0,0,0,0,0.0,0,0,0
2026-03-27,0.0,0.0,0.0,0.0,0,0,0,0.0,0,0,0
2026-03-28,0.0,0.0,0.0,0.0,0,0,0,0.0,0,0,0
2026-03-29,0.0,0.0,0.0,0.0,0,0,0,0.0,0,0,0
2026-03-30,0.0,0.0,0.0,0.0,0,0,0,0.0,0,0,0
2026-03-31,0.0,0.0,0.0,0.0,0,0,0,0.0,0,0,0
2026-04-01,-0.06656216640502353,0.08886028257456828,0.11521193092621669,0.795930926216641,316,0,0,0.0,0,0,0
2026-04-02,-0.06636990740740739,0.08888271604938275,0.11573148148148152,0.7954012345679016,322,0,0,0.0,0,0,0
2026-04-03,-0.0823490445859873,0.09179405520169849,0.12164543524416141,0.7865711252653927,233,0,0,0.0,0,0,0
2026-04-04,-0.08327412398921828,0.08733153638814016,0.12105929919137463,0.7916037735849056,184,0,0,0.0,0,0,0
2026-04-05,-0.04349298245614036,0.10435087719298249,0.12901169590643283,0.7666315789473681,171,0,0,0.0,0,0,0
2026-04-06,-0.05754945054945055,0.08547723704866558,0.11534850863422297,0.7991459968602829,316,0,0,0.0,0,0,0
2026-04-07,-0.06927244444444437,0.08739259259259259,0.11761481481481477,0.7949985185185185,335,0,0,0.0,0,0,0
2026-04-08,0.007608997050147494,0.10507964601769912,0.10013421828908561,0.7948038348082596,337,0,0,0.0,0,0,0
